Team,Year,G,MP,FG,FGA,FGp,2P,2PA,2Pp,3P,3PA,3Pp,FT,FTA,FTp,ORB,DRB,TRB,AST,STL,BLK,TOV,PF,PTS,PTSg
abilene-christian,2014,6.0,1200.0,102.0,302.0,0.338,64.0,176.0,0.364,38.0,126.0,0.302,91.0,128.0,0.711,64.0,129.0,193.0,55.0,28.0,8.0,97.0,134.0,333.0,55.5
air-force,2014,5.0,1000.0,123.0,255.0,0.482,84.0,157.0,0.535,39.0,98.0,0.398,84.0,122.0,0.689,45.0,130.0,175.0,70.0,39.0,15.0,81.0,97.0,369.0,73.8
akron,2014,3.0,600.0,73.0,173.0,0.422,57.0,113.0,0.504,16.0,60.0,0.267,46.0,73.0,0.63,47.0,59.0,106.0,26.0,32.0,8.0,54.0,64.0,208.0,69.3
alabama-am,2014,4.0,800.0,86.0,220.0,0.391,49.0,125.0,0.392,37.0,95.0,0.389,59.0,95.0,0.621,33.0,87.0,120.0,52.0,21.0,14.0,41.0,102.0,268.0,67.0
alabama,2014,4.0,800.0,119.0,227.0,0.524,99.0,166.0,0.596,20.0,61.0,0.328,68.0,90.0,0.756,51.0,101.0,152.0,40.0,33.0,19.0,57.0,62.0,326.0,81.5
alabama-state,2014,5.0,1000.0,130.0,290.0,0.448,101.0,192.0,0.526,29.0,98.0,0.296,84.0,120.0,0.7,64.0,96.0,160.0,64.0,35.0,10.0,54.0,103.0,373.0,74.6
alabama-birmingham,2014,5.0,1050.0,147.0,328.0,0.448,122.0,248.0,0.492,25.0,80.0,0.313,98.0,130.0,0.754,90.0,167.0,257.0,73.0,16.0,19.0,69.0,92.0,417.0,83.4
albany-ny,2014,4.0,800.0,96.0,212.0,0.453,80.0,163.0,0.491,16.0,49.0,0.327,65.0,87.0,0.747,46.0,86.0,132.0,50.0,25.0,13.0,49.0,73.0,273.0,68.3
alcorn-state,2014,3.0,600.0,82.0,179.0,0.458,65.0,126.0,0.516,17.0,53.0,0.321,44.0,67.0,0.657,33.0,74.0,107.0,32.0,19.0,13.0,46.0,59.0,225.0,75.0
american,2014,3.0,625.0,63.0,150.0,0.42,46.0,90.0,0.511,17.0,60.0,0.283,32.0,59.0,0.542,32.0,73.0,105.0,40.0,24.0,16.0,61.0,64.0,175.0,58.3
appalachian-state,2014,5.0,1025.0,135.0,320.0,0.422,109.0,226.0,0.482,26.0,94.0,0.277,57.0,97.0,0.588,81.0,101.0,182.0,50.0,34.0,20.0,57.0,108.0,353.0,70.6
arizona-state,2014,5.0,1000.0,149.0,306.0,0.487,98.0,179.0,0.547,51.0,127.0,0.402,81.0,120.0,0.675,59.0,159.0,218.0,99.0,29.0,39.0,56.0,95.0,430.0,86.0
arizona,2014,5.0,1000.0,153.0,281.0,0.544,121.0,205.0,0.59,32.0,76.0,0.421,82.0,128.0,0.641,62.0,149.0,211.0,85.0,26.0,34.0,52.0,91.0,420.0,84.0
arkansas,2014,3.0,600.0,85.0,174.0,0.489,64.0,123.0,0.52,21.0,51.0,0.412,73.0,98.0,0.745,35.0,73.0,108.0,47.0,23.0,20.0,42.0,58.0,264.0,88.0
arkansas-state,2014,4.0,800.0,91.0,228.0,0.399,57.0,135.0,0.422,34.0,93.0,0.366,55.0,78.0,0.705,33.0,93.0,126.0,44.0,21.0,15.0,51.0,68.0,271.0,67.8
arkansas-little-rock,2014,4.0,825.0,86.0,233.0,0.369,72.0,178.0,0.404,14.0,55.0,0.255,84.0,110.0,0.764,48.0,98.0,146.0,27.0,21.0,12.0,54.0,89.0,270.0,67.5
arkansas-pine-bluff,2014,4.0,800.0,87.0,206.0,0.422,58.0,133.0,0.436,29.0,73.0,0.397,57.0,80.0,0.713,32.0,90.0,122.0,43.0,41.0,17.0,74.0,92.0,260.0,65.0
army,2014,4.0,800.0,108.0,251.0,0.43,72.0,116.0,0.621,36.0,135.0,0.267,59.0,78.0,0.756,50.0,80.0,130.0,56.0,23.0,19.0,50.0,88.0,311.0,77.8
auburn,2014,3.0,600.0,85.0,185.0,0.459,70.0,131.0,0.534,15.0,54.0,0.278,61.0,90.0,0.678,45.0,84.0,129.0,49.0,18.0,15.0,34.0,61.0,246.0,82.0
austin-peay,2014,5.0,1025.0,132.0,282.0,0.468,105.0,188.0,0.559,27.0,94.0,0.287,86.0,136.0,0.632,56.0,116.0,172.0,74.0,40.0,36.0,88.0,92.0,377.0,75.4
ball-state,2014,3.0,600.0,77.0,169.0,0.456,55.0,107.0,0.514,22.0,62.0,0.355,57.0,80.0,0.713,42.0,79.0,121.0,48.0,13.0,7.0,44.0,52.0,233.0,77.7
baylor,2014,4.0,800.0,91.0,200.0,0.455,65.0,137.0,0.474,26.0,63.0,0.413,86.0,128.0,0.672,50.0,118.0,168.0,57.0,14.0,32.0,55.0,78.0,294.0,73.5
belmont,2014,5.0,1001.0,137.0,272.0,0.504,97.0,154.0,0.63,40.0,118.0,0.339,107.0,144.0,0.743,41.0,126.0,167.0,76.0,42.0,14.0,69.0,118.0,421.0,84.2
bethune-cookman,2014,5.0,1000.0,126.0,311.0,0.405,88.0,198.0,0.444,38.0,113.0,0.336,94.0,125.0,0.752,73.0,117.0,190.0,62.0,30.0,15.0,70.0,111.0,384.0,76.8
binghamton,2014,4.0,800.0,79.0,220.0,0.359,49.0,140.0,0.35,30.0,80.0,0.375,82.0,114.0,0.719,53.0,87.0,140.0,31.0,22.0,12.0,56.0,84.0,270.0,67.5
boise-state,2014,3.0,600.0,102.0,194.0,0.526,65.0,115.0,0.565,37.0,79.0,0.468,71.0,97.0,0.732,34.0,91.0,125.0,46.0,34.0,9.0,30.0,50.0,312.0,104.0
boston-college,2014,6.0,1225.0,153.0,319.0,0.48,105.0,189.0,0.556,48.0,130.0,0.369,130.0,153.0,0.85,47.0,125.0,172.0,80.0,19.0,15.0,70.0,127.0,484.0,80.7
boston-university,2014,4.0,800.0,106.0,250.0,0.424,76.0,149.0,0.51,30.0,101.0,0.297,49.0,66.0,0.742,45.0,89.0,134.0,57.0,31.0,4.0,43.0,62.0,291.0,72.8
bowling-green-state,2014,2.0,400.0,51.0,127.0,0.402,46.0,101.0,0.455,5.0,26.0,0.192,18.0,34.0,0.529,29.0,37.0,66.0,17.0,15.0,4.0,16.0,45.0,125.0,62.5
bradley,2014,6.0,1200.0,160.0,336.0,0.476,132.0,253.0,0.522,28.0,83.0,0.337,79.0,111.0,0.712,67.0,156.0,223.0,69.0,36.0,21.0,88.0,123.0,427.0,71.2
brigham-young,2014,5.0,1000.0,173.0,357.0,0.485,149.0,280.0,0.532,24.0,77.0,0.312,103.0,156.0,0.66,65.0,160.0,225.0,96.0,39.0,19.0,45.0,98.0,473.0,94.6
brown,2014,5.0,999.0,138.0,304.0,0.454,100.0,213.0,0.469,38.0,91.0,0.418,82.0,118.0,0.695,65.0,147.0,212.0,69.0,37.0,22.0,83.0,105.0,396.0,79.2
bryant,2014,4.0,800.0,110.0,210.0,0.524,91.0,145.0,0.628,19.0,65.0,0.292,79.0,103.0,0.767,30.0,89.0,119.0,41.0,29.0,16.0,58.0,88.0,318.0,79.5
bucknell,2014,4.0,800.0,113.0,223.0,0.507,84.0,155.0,0.542,29.0,68.0,0.426,38.0,48.0,0.792,32.0,102.0,134.0,50.0,11.0,3.0,38.0,63.0,293.0,73.3
buffalo,2014,3.0,600.0,75.0,186.0,0.403,59.0,124.0,0.476,16.0,62.0,0.258,53.0,78.0,0.679,44.0,73.0,117.0,35.0,18.0,15.0,43.0,64.0,219.0,73.0
butler,2014,3.0,627.0,89.0,184.0,0.484,69.0,124.0,0.556,20.0,60.0,0.333,46.0,76.0,0.605,32.0,75.0,107.0,34.0,22.0,11.0,25.0,66.0,244.0,81.3
cal-poly,2014,3.0,600.0,59.0,157.0,0.376,41.0,93.0,0.441,18.0,64.0,0.281,30.0,41.0,0.732,27.0,64.0,91.0,32.0,15.0,5.0,34.0,63.0,166.0,55.3
cal-state-bakersfield,2014,3.0,600.0,65.0,140.0,0.464,47.0,97.0,0.485,18.0,43.0,0.419,56.0,89.0,0.629,28.0,70.0,98.0,34.0,24.0,15.0,43.0,75.0,204.0,68.0
cal-state-fullerton,2014,4.0,800.0,114.0,238.0,0.479,86.0,163.0,0.528,28.0,75.0,0.373,47.0,71.0,0.662,45.0,104.0,149.0,47.0,21.0,7.0,52.0,88.0,303.0,75.8
cal-state-northridge,2014,5.0,1025.0,121.0,286.0,0.423,102.0,226.0,0.451,19.0,60.0,0.317,122.0,151.0,0.808,59.0,104.0,163.0,62.0,47.0,12.0,69.0,114.0,383.0,76.6
california,2014,4.0,800.0,102.0,226.0,0.451,77.0,157.0,0.49,25.0,69.0,0.362,70.0,102.0,0.686,54.0,117.0,171.0,59.0,27.0,21.0,38.0,56.0,299.0,74.8
california-davis,2014,4.0,798.0,109.0,228.0,0.478,76.0,144.0,0.528,33.0,84.0,0.393,52.0,81.0,0.642,28.0,99.0,127.0,51.0,23.0,8.0,56.0,87.0,303.0,75.8
california-irvine,2014,5.0,1026.0,168.0,306.0,0.549,138.0,227.0,0.608,30.0,79.0,0.38,90.0,145.0,0.621,52.0,153.0,205.0,108.0,26.0,27.0,66.0,105.0,456.0,91.2
california-riverside,2014,3.0,601.0,64.0,156.0,0.41,57.0,120.0,0.475,7.0,36.0,0.194,44.0,74.0,0.595,28.0,62.0,90.0,29.0,21.0,14.0,46.0,60.0,179.0,59.7
california-santa-barbara,2014,4.0,800.0,103.0,211.0,0.488,72.0,131.0,0.55,31.0,80.0,0.388,57.0,88.0,0.648,33.0,102.0,135.0,69.0,24.0,14.0,44.0,89.0,294.0,73.5
campbell,2014,5.0,1000.0,119.0,255.0,0.467,76.0,151.0,0.503,43.0,104.0,0.413,50.0,76.0,0.658,42.0,115.0,157.0,78.0,29.0,24.0,83.0,86.0,331.0,66.2
canisius,2014,4.0,800.0,98.0,240.0,0.408,74.0,166.0,0.446,24.0,74.0,0.324,52.0,78.0,0.667,46.0,84.0,130.0,35.0,22.0,11.0,44.0,78.0,272.0,68.0
central-arkansas,2014,3.0,600.0,91.0,205.0,0.444,61.0,135.0,0.452,30.0,70.0,0.429,47.0,72.0,0.653,41.0,84.0,125.0,43.0,33.0,12.0,51.0,79.0,259.0,86.3
central-connecticut-state,2014,3.0,600.0,84.0,211.0,0.398,67.0,157.0,0.427,17.0,54.0,0.315,34.0,52.0,0.654,42.0,66.0,108.0,32.0,28.0,11.0,44.0,65.0,219.0,73.0
central-florida,2014,3.0,600.0,80.0,188.0,0.426,61.0,133.0,0.459,19.0,55.0,0.345,35.0,65.0,0.538,52.0,84.0,136.0,38.0,19.0,10.0,44.0,48.0,214.0,71.3
central-michigan,2014,5.0,1000.0,133.0,329.0,0.404,100.0,192.0,0.521,33.0,137.0,0.241,87.0,106.0,0.821,66.0,120.0,186.0,67.0,40.0,7.0,47.0,74.0,386.0,77.2
charleston-southern,2014,4.0,826.0,109.0,251.0,0.434,57.0,134.0,0.425,52.0,117.0,0.444,60.0,84.0,0.714,45.0,91.0,136.0,61.0,21.0,9.0,50.0,83.0,330.0,82.5
charlotte,2014,5.0,1000.0,130.0,286.0,0.455,107.0,217.0,0.493,23.0,69.0,0.333,116.0,162.0,0.716,64.0,140.0,204.0,62.0,39.0,21.0,73.0,95.0,399.0,79.8
chattanooga,2014,5.0,1000.0,160.0,324.0,0.494,125.0,216.0,0.579,35.0,108.0,0.324,100.0,147.0,0.68,73.0,138.0,211.0,62.0,60.0,32.0,72.0,119.0,455.0,91.0
chicago-state,2014,6.0,1201.0,147.0,361.0,0.407,110.0,235.0,0.468,37.0,126.0,0.294,89.0,132.0,0.674,66.0,126.0,192.0,65.0,59.0,12.0,76.0,148.0,420.0,70.0
cincinnati,2014,4.0,800.0,110.0,233.0,0.472,92.0,183.0,0.503,18.0,50.0,0.36,62.0,92.0,0.674,66.0,90.0,156.0,46.0,34.0,29.0,51.0,72.0,300.0,75.0
citadel,2014,6.0,1200.0,143.0,357.0,0.401,99.0,244.0,0.406,44.0,113.0,0.389,89.0,121.0,0.736,73.0,156.0,229.0,89.0,36.0,16.0,90.0,125.0,419.0,69.8
clemson,2014,5.0,1000.0,125.0,263.0,0.475,92.0,179.0,0.514,33.0,84.0,0.393,74.0,92.0,0.804,56.0,137.0,193.0,63.0,26.0,40.0,53.0,83.0,357.0,71.4
cleveland-state,2014,4.0,800.0,102.0,252.0,0.405,71.0,161.0,0.441,31.0,91.0,0.341,72.0,98.0,0.735,66.0,94.0,160.0,45.0,29.0,17.0,58.0,100.0,307.0,76.8
coastal-carolina,2014,4.0,800.0,105.0,256.0,0.41,78.0,168.0,0.464,27.0,88.0,0.307,44.0,67.0,0.657,54.0,114.0,168.0,50.0,29.0,18.0,63.0,94.0,281.0,70.3
colgate,2014,3.0,600.0,72.0,162.0,0.444,36.0,77.0,0.468,36.0,85.0,0.424,29.0,40.0,0.725,20.0,83.0,103.0,47.0,11.0,9.0,45.0,55.0,209.0,69.7
college-of-charleston,2014,4.0,825.0,92.0,223.0,0.413,66.0,139.0,0.475,26.0,84.0,0.31,33.0,60.0,0.55,51.0,91.0,142.0,39.0,15.0,14.0,54.0,73.0,243.0,60.8
colorado,2014,6.0,1202.0,149.0,319.0,0.467,117.0,216.0,0.542,32.0,103.0,0.311,147.0,199.0,0.739,66.0,166.0,232.0,84.0,47.0,16.0,74.0,104.0,477.0,79.5
colorado-state,2014,5.0,1000.0,126.0,284.0,0.444,102.0,204.0,0.5,24.0,80.0,0.3,118.0,165.0,0.715,56.0,132.0,188.0,61.0,27.0,13.0,38.0,100.0,394.0,78.8
columbia,2014,5.0,1000.0,103.0,238.0,0.433,66.0,151.0,0.437,37.0,87.0,0.425,75.0,107.0,0.701,40.0,124.0,164.0,53.0,26.0,12.0,68.0,107.0,318.0,63.6
connecticut,2014,6.0,1000.0,161.0,329.0,0.489,112.0,220.0,0.509,49.0,109.0,0.45,96.0,128.0,0.75,54.0,154.0,208.0,77.0,44.0,37.0,62.0,113.0,467.0,77.8
coppin-state,2014,3.0,600.0,68.0,180.0,0.378,42.0,103.0,0.408,26.0,77.0,0.338,67.0,87.0,0.77,31.0,75.0,106.0,32.0,17.0,7.0,30.0,57.0,229.0,76.3
cornell,2014,6.0,1225.0,153.0,361.0,0.424,104.0,210.0,0.495,49.0,151.0,0.325,55.0,94.0,0.585,66.0,139.0,205.0,76.0,20.0,18.0,75.0,128.0,410.0,68.3
creighton,2014,3.0,600.0,101.0,187.0,0.54,66.0,113.0,0.584,35.0,74.0,0.473,49.0,71.0,0.69,31.0,94.0,125.0,71.0,19.0,7.0,28.0,42.0,286.0,95.3
dartmouth,2014,3.0,600.0,89.0,174.0,0.511,63.0,111.0,0.568,26.0,63.0,0.413,56.0,82.0,0.683,42.0,76.0,118.0,48.0,20.0,9.0,39.0,64.0,260.0,86.7
davidson,2014,5.0,1000.0,123.0,303.0,0.406,87.0,187.0,0.465,36.0,116.0,0.31,77.0,104.0,0.74,66.0,84.0,150.0,44.0,33.0,11.0,53.0,103.0,359.0,71.8
dayton,2014,4.0,800.0,104.0,219.0,0.475,82.0,164.0,0.5,22.0,55.0,0.4,81.0,105.0,0.771,41.0,96.0,137.0,48.0,38.0,11.0,56.0,86.0,311.0,77.8
delaware,2014,5.0,1000.0,149.0,328.0,0.454,107.0,213.0,0.502,42.0,115.0,0.365,81.0,118.0,0.686,66.0,129.0,195.0,68.0,32.0,20.0,65.0,104.0,421.0,84.2
delaware-state,2014,3.0,600.0,48.0,152.0,0.316,37.0,102.0,0.363,11.0,50.0,0.22,30.0,48.0,0.625,30.0,47.0,77.0,32.0,15.0,9.0,34.0,51.0,137.0,45.7
denver,2014,2.0,400.0,34.0,89.0,0.382,20.0,47.0,0.426,14.0,42.0,0.333,25.0,37.0,0.676,8.0,40.0,48.0,29.0,8.0,14.0,32.0,47.0,107.0,53.5
depaul,2014,4.0,800.0,111.0,230.0,0.483,79.0,153.0,0.516,32.0,77.0,0.416,71.0,103.0,0.689,54.0,100.0,154.0,55.0,33.0,17.0,58.0,81.0,325.0,81.3
detroit-mercy,2014,5.0,800.0,125.0,312.0,0.401,95.0,216.0,0.44,30.0,96.0,0.313,87.0,116.0,0.75,68.0,122.0,190.0,63.0,39.0,31.0,65.0,109.0,367.0,73.4
drake,2014,3.0,600.0,77.0,161.0,0.478,59.0,111.0,0.532,18.0,50.0,0.36,56.0,72.0,0.778,31.0,87.0,118.0,42.0,26.0,7.0,33.0,56.0,228.0,76.0
drexel,2014,4.0,800.0,96.0,223.0,0.43,73.0,156.0,0.468,23.0,67.0,0.343,71.0,106.0,0.67,40.0,116.0,156.0,45.0,16.0,6.0,41.0,91.0,286.0,71.5
duke,2014,5.0,1000.0,160.0,285.0,0.561,113.0,186.0,0.608,47.0,99.0,0.475,98.0,141.0,0.695,40.0,128.0,168.0,88.0,36.0,22.0,49.0,105.0,465.0,93.0
duquesne,2014,4.0,800.0,112.0,243.0,0.461,84.0,162.0,0.519,28.0,81.0,0.346,76.0,107.0,0.71,54.0,92.0,146.0,56.0,21.0,7.0,44.0,77.0,328.0,82.0
east-carolina,2014,5.0,1000.0,145.0,313.0,0.463,103.0,203.0,0.507,42.0,110.0,0.382,95.0,131.0,0.725,66.0,144.0,210.0,79.0,45.0,21.0,59.0,89.0,427.0,85.4
east-tennessee-state,2014,5.0,1000.0,108.0,264.0,0.409,78.0,175.0,0.446,30.0,89.0,0.337,97.0,141.0,0.688,48.0,123.0,171.0,59.0,30.0,15.0,79.0,121.0,343.0,68.6
eastern-illinois,2014,4.0,800.0,86.0,215.0,0.4,68.0,149.0,0.456,18.0,66.0,0.273,73.0,112.0,0.652,48.0,93.0,141.0,37.0,24.0,30.0,49.0,73.0,263.0,65.8
eastern-kentucky,2014,7.0,1397.0,178.0,380.0,0.468,112.0,201.0,0.557,66.0,179.0,0.369,161.0,212.0,0.759,54.0,171.0,225.0,111.0,89.0,20.0,70.0,142.0,583.0,83.3
eastern-michigan,2014,4.0,800.0,107.0,211.0,0.507,87.0,167.0,0.521,20.0,44.0,0.455,88.0,140.0,0.629,44.0,112.0,156.0,62.0,36.0,45.0,49.0,80.0,322.0,80.5
eastern-washington,2014,3.0,600.0,95.0,183.0,0.519,68.0,119.0,0.571,27.0,64.0,0.422,30.0,52.0,0.577,31.0,85.0,116.0,49.0,16.0,12.0,41.0,49.0,247.0,82.3
elon,2014,5.0,1000.0,145.0,287.0,0.505,102.0,177.0,0.576,43.0,110.0,0.391,74.0,89.0,0.831,33.0,120.0,153.0,72.0,34.0,15.0,60.0,117.0,407.0,81.4
evansville,2014,4.0,800.0,116.0,206.0,0.563,93.0,160.0,0.581,23.0,46.0,0.5,105.0,133.0,0.789,32.0,97.0,129.0,79.0,13.0,15.0,43.0,79.0,360.0,90.0
fairfield,2014,4.0,799.0,80.0,201.0,0.398,56.0,125.0,0.448,24.0,76.0,0.316,37.0,66.0,0.561,45.0,114.0,159.0,44.0,16.0,17.0,71.0,92.0,221.0,55.3
fairleigh-dickinson,2014,4.0,800.0,96.0,240.0,0.4,70.0,145.0,0.483,26.0,95.0,0.274,39.0,61.0,0.639,42.0,78.0,120.0,42.0,29.0,14.0,48.0,94.0,257.0,64.3
florida-am,2014,4.0,800.0,96.0,235.0,0.409,73.0,170.0,0.429,23.0,65.0,0.354,51.0,76.0,0.671,46.0,84.0,130.0,33.0,35.0,16.0,62.0,96.0,266.0,66.5
florida-atlantic,2014,5.0,1000.0,113.0,280.0,0.404,88.0,204.0,0.431,25.0,76.0,0.329,79.0,120.0,0.658,69.0,126.0,195.0,56.0,25.0,16.0,76.0,99.0,330.0,66.0
florida,2014,5.0,1000.0,123.0,271.0,0.454,100.0,198.0,0.505,23.0,73.0,0.315,93.0,127.0,0.732,54.0,123.0,177.0,59.0,42.0,15.0,54.0,80.0,362.0,72.4
florida-gulf-coast,2014,4.0,801.0,98.0,208.0,0.471,78.0,149.0,0.523,20.0,59.0,0.339,46.0,78.0,0.59,34.0,105.0,139.0,45.0,14.0,17.0,41.0,72.0,262.0,65.5
florida-international,2014,8.0,1623.0,217.0,468.0,0.464,171.0,337.0,0.507,46.0,131.0,0.351,124.0,186.0,0.667,113.0,226.0,339.0,102.0,58.0,38.0,97.0,143.0,604.0,75.5
florida-state,2014,5.0,1025.0,148.0,277.0,0.534,122.0,209.0,0.584,26.0,68.0,0.382,103.0,145.0,0.71,51.0,150.0,201.0,71.0,45.0,32.0,95.0,97.0,425.0,85.0
fordham,2014,3.0,600.0,81.0,187.0,0.433,54.0,114.0,0.474,27.0,73.0,0.37,52.0,74.0,0.703,41.0,81.0,122.0,46.0,19.0,14.0,42.0,71.0,241.0,80.3
fresno-state,2014,4.0,824.0,103.0,221.0,0.466,73.0,127.0,0.575,30.0,94.0,0.319,59.0,80.0,0.738,29.0,109.0,138.0,58.0,22.0,17.0,53.0,69.0,295.0,73.8
furman,2014,3.0,600.0,71.0,167.0,0.425,54.0,115.0,0.47,17.0,52.0,0.327,51.0,71.0,0.718,42.0,75.0,117.0,27.0,15.0,11.0,34.0,51.0,210.0,70.0
gardner-webb,2014,4.0,800.0,100.0,219.0,0.457,78.0,158.0,0.494,22.0,61.0,0.361,80.0,120.0,0.667,43.0,90.0,133.0,60.0,34.0,14.0,45.0,87.0,302.0,75.5
george-mason,2014,4.0,800.0,88.0,196.0,0.449,68.0,138.0,0.493,20.0,58.0,0.345,69.0,102.0,0.676,48.0,101.0,149.0,39.0,25.0,13.0,65.0,77.0,265.0,66.3
george-washington,2014,4.0,800.0,122.0,229.0,0.533,90.0,160.0,0.563,32.0,69.0,0.464,82.0,115.0,0.713,53.0,123.0,176.0,72.0,31.0,25.0,57.0,81.0,358.0,89.5
georgetown,2014,4.0,800.0,106.0,217.0,0.488,86.0,151.0,0.57,20.0,66.0,0.303,77.0,114.0,0.675,45.0,87.0,132.0,56.0,27.0,19.0,49.0,96.0,309.0,77.3
georgia,2014,4.0,800.0,105.0,225.0,0.467,89.0,172.0,0.517,16.0,53.0,0.302,80.0,108.0,0.741,46.0,103.0,149.0,36.0,14.0,13.0,48.0,87.0,306.0,76.5
georgia-southern,2014,3.0,625.0,91.0,190.0,0.479,56.0,98.0,0.571,35.0,92.0,0.38,35.0,55.0,0.636,35.0,74.0,109.0,40.0,30.0,3.0,36.0,61.0,252.0,84.0
georgia-state,2014,4.0,800.0,114.0,245.0,0.465,82.0,154.0,0.532,32.0,91.0,0.352,71.0,91.0,0.78,47.0,97.0,144.0,52.0,22.0,24.0,40.0,70.0,331.0,82.8
georgia-tech,2014,4.0,800.0,109.0,234.0,0.466,95.0,177.0,0.537,14.0,57.0,0.246,76.0,98.0,0.776,44.0,115.0,159.0,60.0,30.0,20.0,49.0,68.0,308.0,77.0
gonzaga,2014,4.0,800.0,131.0,236.0,0.555,86.0,143.0,0.601,45.0,93.0,0.484,58.0,80.0,0.725,39.0,104.0,143.0,69.0,33.0,10.0,40.0,66.0,365.0,91.3
grambling,2014,3.0,600.0,62.0,188.0,0.33,45.0,125.0,0.36,17.0,63.0,0.27,55.0,80.0,0.688,38.0,65.0,103.0,31.0,19.0,11.0,53.0,72.0,196.0,65.3
grand-canyon,2014,5.0,1000.0,114.0,275.0,0.415,85.0,175.0,0.486,29.0,100.0,0.29,94.0,136.0,0.691,64.0,130.0,194.0,53.0,26.0,14.0,67.0,101.0,351.0,70.2
green-bay,2014,2.0,400.0,52.0,123.0,0.423,43.0,86.0,0.5,9.0,37.0,0.243,24.0,41.0,0.585,25.0,60.0,85.0,24.0,10.0,18.0,25.0,29.0,137.0,68.5
hampton,2014,4.0,799.0,97.0,219.0,0.443,77.0,164.0,0.47,20.0,55.0,0.364,74.0,109.0,0.679,38.0,101.0,139.0,56.0,25.0,26.0,52.0,95.0,288.0,72.0
hartford,2014,5.0,1000.0,108.0,240.0,0.45,74.0,144.0,0.514,34.0,96.0,0.354,63.0,100.0,0.63,33.0,115.0,148.0,47.0,33.0,10.0,83.0,97.0,313.0,62.6
harvard,2014,4.0,800.0,114.0,239.0,0.477,99.0,182.0,0.544,15.0,57.0,0.263,80.0,106.0,0.755,64.0,90.0,154.0,62.0,47.0,30.0,47.0,73.0,323.0,80.8
hawaii,2014,5.0,1000.0,155.0,322.0,0.481,124.0,223.0,0.556,31.0,99.0,0.313,104.0,143.0,0.727,63.0,128.0,191.0,71.0,32.0,26.0,55.0,104.0,445.0,89.0
high-point,2014,4.0,800.0,126.0,244.0,0.516,110.0,190.0,0.579,16.0,54.0,0.296,47.0,70.0,0.671,45.0,113.0,158.0,51.0,34.0,13.0,52.0,82.0,315.0,78.8
hofstra,2014,4.0,825.0,99.0,221.0,0.448,69.0,138.0,0.5,30.0,83.0,0.361,68.0,100.0,0.68,45.0,116.0,161.0,50.0,18.0,10.0,63.0,88.0,296.0,74.0
holy-cross,2014,4.0,850.0,96.0,229.0,0.419,70.0,158.0,0.443,26.0,71.0,0.366,93.0,123.0,0.756,38.0,106.0,144.0,51.0,24.0,13.0,52.0,87.0,311.0,77.8
houston-baptist,2014,4.0,800.0,86.0,212.0,0.406,69.0,162.0,0.426,17.0,50.0,0.34,67.0,95.0,0.705,47.0,91.0,138.0,44.0,18.0,3.0,69.0,93.0,256.0,64.0
houston,2014,5.0,1000.0,138.0,280.0,0.493,110.0,201.0,0.547,28.0,79.0,0.354,84.0,128.0,0.656,60.0,137.0,197.0,73.0,29.0,39.0,64.0,86.0,388.0,77.6
howard,2014,5.0,1000.0,97.0,273.0,0.355,71.0,192.0,0.37,26.0,81.0,0.321,64.0,98.0,0.653,75.0,109.0,184.0,38.0,42.0,22.0,86.0,110.0,284.0,56.8
idaho-state,2014,3.0,625.0,83.0,179.0,0.464,65.0,140.0,0.464,18.0,39.0,0.462,68.0,97.0,0.701,38.0,84.0,122.0,31.0,32.0,10.0,47.0,57.0,252.0,84.0
idaho,2014,5.0,1001.0,128.0,295.0,0.434,95.0,201.0,0.473,33.0,94.0,0.351,82.0,118.0,0.695,60.0,115.0,175.0,49.0,30.0,10.0,57.0,106.0,371.0,74.2
illinois,2014,5.0,1000.0,134.0,301.0,0.445,102.0,205.0,0.498,32.0,96.0,0.333,88.0,124.0,0.71,85.0,141.0,226.0,67.0,19.0,30.0,50.0,82.0,388.0,77.6
illinois-state,2014,4.0,800.0,85.0,240.0,0.354,64.0,156.0,0.41,21.0,84.0,0.25,75.0,112.0,0.67,49.0,105.0,154.0,46.0,18.0,17.0,64.0,102.0,266.0,66.5
illinois-chicago,2014,4.0,800.0,98.0,232.0,0.422,74.0,168.0,0.44,24.0,64.0,0.375,50.0,80.0,0.625,48.0,76.0,124.0,50.0,26.0,7.0,48.0,85.0,270.0,67.5
incarnate-word,2014,1.0,200.0,31.0,57.0,0.544,22.0,38.0,0.579,9.0,19.0,0.474,14.0,26.0,0.538,14.0,34.0,48.0,19.0,6.0,5.0,19.0,16.0,85.0,85.0
indiana,2014,6.0,1200.0,171.0,362.0,0.472,145.0,271.0,0.535,26.0,91.0,0.286,160.0,220.0,0.727,101.0,193.0,294.0,65.0,35.0,39.0,95.0,122.0,528.0,88.0
indiana-state,2014,4.0,801.0,115.0,222.0,0.518,80.0,154.0,0.519,35.0,68.0,0.515,75.0,95.0,0.789,40.0,81.0,121.0,57.0,30.0,10.0,50.0,76.0,340.0,85.0
iona,2014,3.0,600.0,72.0,178.0,0.404,47.0,102.0,0.461,25.0,76.0,0.329,42.0,58.0,0.724,37.0,69.0,106.0,39.0,13.0,12.0,37.0,51.0,211.0,70.3
iowa,2014,5.0,1000.0,151.0,318.0,0.475,122.0,236.0,0.517,29.0,82.0,0.354,132.0,178.0,0.742,77.0,165.0,242.0,91.0,47.0,35.0,55.0,70.0,463.0,92.6
iowa-state,2014,4.0,800.0,126.0,247.0,0.51,87.0,146.0,0.596,39.0,101.0,0.386,51.0,76.0,0.671,35.0,139.0,174.0,71.0,16.0,14.0,47.0,68.0,342.0,85.5
ipfw,2014,4.0,798.0,103.0,231.0,0.446,77.0,149.0,0.517,26.0,82.0,0.317,54.0,80.0,0.675,52.0,89.0,141.0,59.0,24.0,13.0,52.0,76.0,286.0,71.5
iupui,2014,5.0,1000.0,134.0,290.0,0.462,111.0,209.0,0.531,23.0,81.0,0.284,70.0,99.0,0.707,42.0,127.0,169.0,66.0,26.0,27.0,58.0,94.0,361.0,72.2
jackson-state,2014,6.0,1200.0,138.0,339.0,0.407,109.0,253.0,0.431,29.0,86.0,0.337,94.0,140.0,0.671,69.0,151.0,220.0,58.0,35.0,22.0,89.0,166.0,399.0,66.5
jacksonville,2014,4.0,800.0,113.0,251.0,0.45,92.0,189.0,0.487,21.0,62.0,0.339,82.0,118.0,0.695,51.0,97.0,148.0,54.0,33.0,21.0,65.0,91.0,329.0,82.3
jacksonville-state,2014,5.0,1000.0,112.0,286.0,0.392,85.0,196.0,0.434,27.0,90.0,0.3,78.0,125.0,0.624,70.0,103.0,173.0,50.0,22.0,11.0,62.0,106.0,329.0,65.8
james-madison,2014,5.0,1001.0,104.0,249.0,0.418,77.0,146.0,0.527,27.0,103.0,0.262,78.0,121.0,0.645,38.0,143.0,181.0,49.0,20.0,8.0,62.0,93.0,313.0,62.6
kansas,2014,4.0,801.0,121.0,213.0,0.568,100.0,157.0,0.637,21.0,56.0,0.375,85.0,125.0,0.68,33.0,122.0,155.0,77.0,24.0,20.0,48.0,81.0,348.0,87.0
kansas-state,2014,5.0,1000.0,105.0,265.0,0.396,82.0,173.0,0.474,23.0,92.0,0.25,91.0,141.0,0.645,62.0,105.0,167.0,63.0,30.0,13.0,60.0,108.0,324.0,64.8
kennesaw-state,2014,6.0,1200.0,143.0,339.0,0.422,101.0,213.0,0.474,42.0,126.0,0.333,67.0,109.0,0.615,77.0,142.0,219.0,78.0,37.0,24.0,105.0,119.0,395.0,65.8
kent-state,2014,6.0,1200.0,160.0,355.0,0.451,110.0,224.0,0.491,50.0,131.0,0.382,97.0,135.0,0.719,68.0,150.0,218.0,71.0,42.0,19.0,51.0,120.0,467.0,77.8
kentucky,2014,5.0,1000.0,146.0,295.0,0.495,117.0,204.0,0.574,29.0,91.0,0.319,127.0,195.0,0.651,89.0,156.0,245.0,70.0,28.0,36.0,59.0,93.0,448.0,89.6
la-salle,2014,5.0,1050.0,130.0,316.0,0.411,100.0,221.0,0.452,30.0,95.0,0.316,101.0,136.0,0.743,75.0,113.0,188.0,72.0,26.0,19.0,45.0,78.0,391.0,78.2
lafayette,2014,3.0,625.0,75.0,158.0,0.475,49.0,93.0,0.527,26.0,65.0,0.4,44.0,57.0,0.772,29.0,71.0,100.0,36.0,11.0,4.0,44.0,57.0,220.0,73.3
lamar,2014,5.0,1001.0,118.0,278.0,0.424,104.0,228.0,0.456,14.0,50.0,0.28,58.0,79.0,0.734,35.0,113.0,148.0,60.0,26.0,10.0,72.0,77.0,308.0,61.6
lehigh,2014,5.0,1000.0,126.0,285.0,0.442,91.0,181.0,0.503,35.0,104.0,0.337,63.0,90.0,0.7,41.0,109.0,150.0,62.0,18.0,13.0,55.0,101.0,350.0,70.0
liberty,2014,3.0,600.0,72.0,172.0,0.419,55.0,118.0,0.466,17.0,54.0,0.315,50.0,69.0,0.725,45.0,57.0,102.0,36.0,19.0,12.0,41.0,66.0,211.0,70.3
lipscomb,2014,5.0,1000.0,124.0,286.0,0.434,85.0,168.0,0.506,39.0,118.0,0.331,92.0,139.0,0.662,55.0,133.0,188.0,70.0,25.0,9.0,77.0,127.0,379.0,75.8
long-beach-state,2014,6.0,1200.0,141.0,346.0,0.408,106.0,218.0,0.486,35.0,128.0,0.273,70.0,116.0,0.603,81.0,137.0,218.0,67.0,39.0,13.0,84.0,115.0,387.0,64.5
long-island-university,2014,3.0,602.0,69.0,172.0,0.401,45.0,108.0,0.417,24.0,64.0,0.375,61.0,85.0,0.718,36.0,64.0,100.0,42.0,15.0,5.0,37.0,56.0,223.0,74.3
longwood,2014,4.0,800.0,102.0,238.0,0.429,79.0,171.0,0.462,23.0,67.0,0.343,56.0,77.0,0.727,35.0,87.0,122.0,49.0,35.0,9.0,58.0,89.0,283.0,70.8
louisiana-state,2014,4.0,800.0,127.0,289.0,0.439,102.0,201.0,0.507,25.0,88.0,0.284,69.0,104.0,0.663,82.0,126.0,208.0,69.0,39.0,33.0,65.0,75.0,348.0,87.0
louisiana-tech,2014,2.0,400.0,58.0,128.0,0.453,49.0,93.0,0.527,9.0,35.0,0.257,39.0,56.0,0.696,29.0,47.0,76.0,34.0,24.0,12.0,14.0,35.0,164.0,82.0
louisiana-lafayette,2014,4.0,800.0,122.0,271.0,0.45,104.0,201.0,0.517,18.0,70.0,0.257,62.0,85.0,0.729,71.0,87.0,158.0,54.0,33.0,13.0,51.0,90.0,324.0,81.0
louisiana-monroe,2014,3.0,625.0,84.0,170.0,0.494,71.0,130.0,0.546,13.0,40.0,0.325,52.0,82.0,0.634,27.0,88.0,115.0,49.0,23.0,8.0,52.0,70.0,233.0,77.7
louisville,2014,4.0,800.0,128.0,259.0,0.494,96.0,171.0,0.561,32.0,88.0,0.364,65.0,107.0,0.607,60.0,99.0,159.0,65.0,50.0,15.0,25.0,66.0,353.0,88.3
loyola-il,2014,5.0,999.0,124.0,254.0,0.488,94.0,169.0,0.556,30.0,85.0,0.353,72.0,111.0,0.649,40.0,111.0,151.0,70.0,32.0,11.0,67.0,93.0,350.0,70.0
loyola-md,2014,4.0,850.0,99.0,226.0,0.438,70.0,155.0,0.452,29.0,71.0,0.408,93.0,129.0,0.721,43.0,96.0,139.0,52.0,34.0,20.0,45.0,81.0,320.0,80.0
loyola-marymount,2014,5.0,1000.0,151.0,319.0,0.473,128.0,236.0,0.542,23.0,83.0,0.277,96.0,123.0,0.78,74.0,114.0,188.0,70.0,41.0,16.0,69.0,125.0,421.0,84.2
maine,2014,3.0,600.0,89.0,209.0,0.426,67.0,134.0,0.5,22.0,75.0,0.293,40.0,68.0,0.588,30.0,71.0,101.0,41.0,25.0,5.0,34.0,76.0,240.0,80.0
manhattan,2014,4.0,850.0,95.0,225.0,0.422,59.0,138.0,0.428,36.0,87.0,0.414,97.0,141.0,0.688,60.0,100.0,160.0,58.0,27.0,17.0,68.0,112.0,323.0,80.8
marist,2014,5.0,1000.0,83.0,260.0,0.319,64.0,171.0,0.374,19.0,89.0,0.213,71.0,108.0,0.657,48.0,110.0,158.0,38.0,32.0,17.0,78.0,84.0,256.0,51.2
marquette,2014,4.0,800.0,85.0,223.0,0.381,72.0,152.0,0.474,13.0,71.0,0.183,87.0,139.0,0.626,56.0,117.0,173.0,58.0,28.0,11.0,53.0,76.0,270.0,67.5
marshall,2014,4.0,850.0,129.0,255.0,0.506,99.0,161.0,0.615,30.0,94.0,0.319,83.0,141.0,0.589,49.0,117.0,166.0,70.0,35.0,23.0,58.0,110.0,371.0,92.8
maryland,2014,4.0,800.0,104.0,236.0,0.441,77.0,162.0,0.475,27.0,74.0,0.365,60.0,94.0,0.638,62.0,94.0,156.0,51.0,30.0,18.0,59.0,69.0,295.0,73.8
maryland-baltimore-county,2014,5.0,1100.0,131.0,325.0,0.403,111.0,239.0,0.464,20.0,86.0,0.233,97.0,160.0,0.606,80.0,142.0,222.0,58.0,53.0,17.0,91.0,137.0,379.0,75.8
maryland-eastern-shore,2014,3.0,600.0,67.0,184.0,0.364,53.0,125.0,0.424,14.0,59.0,0.237,47.0,71.0,0.662,42.0,62.0,104.0,31.0,16.0,6.0,34.0,57.0,195.0,65.0
massachusetts,2014,5.0,1000.0,155.0,318.0,0.487,129.0,252.0,0.512,26.0,66.0,0.394,104.0,146.0,0.712,76.0,141.0,217.0,70.0,33.0,27.0,74.0,106.0,440.0,88.0
massachusetts-lowell,2014,4.0,800.0,81.0,211.0,0.384,54.0,129.0,0.419,27.0,82.0,0.329,53.0,77.0,0.688,29.0,86.0,115.0,39.0,24.0,10.0,55.0,79.0,242.0,60.5
mcneese-state,2014,5.0,1000.0,126.0,328.0,0.384,84.0,200.0,0.42,42.0,128.0,0.328,71.0,95.0,0.747,65.0,134.0,199.0,55.0,33.0,16.0,68.0,80.0,365.0,73.0
memphis,2014,2.0,400.0,65.0,137.0,0.474,59.0,111.0,0.532,6.0,26.0,0.231,39.0,57.0,0.684,30.0,60.0,90.0,35.0,26.0,12.0,35.0,49.0,175.0,87.5
mercer,2014,5.0,1050.0,152.0,315.0,0.483,114.0,202.0,0.564,38.0,113.0,0.336,88.0,125.0,0.704,73.0,143.0,216.0,88.0,26.0,23.0,68.0,96.0,430.0,86.0
miami-fl,2014,5.0,1050.0,128.0,304.0,0.421,100.0,215.0,0.465,28.0,89.0,0.315,71.0,88.0,0.807,63.0,123.0,186.0,59.0,39.0,21.0,50.0,87.0,355.0,71.0
miami-oh,2014,3.0,600.0,60.0,159.0,0.377,45.0,94.0,0.479,15.0,65.0,0.231,32.0,43.0,0.744,19.0,63.0,82.0,39.0,17.0,11.0,32.0,40.0,167.0,55.7
michigan-state,2014,5.0,1000.0,157.0,326.0,0.482,115.0,216.0,0.532,42.0,110.0,0.382,60.0,78.0,0.769,58.0,139.0,197.0,112.0,42.0,19.0,49.0,84.0,416.0,83.2
michigan,2014,5.0,1025.0,139.0,306.0,0.454,88.0,177.0,0.497,51.0,129.0,0.395,70.0,102.0,0.686,57.0,136.0,193.0,83.0,35.0,12.0,45.0,74.0,399.0,79.8
middle-tennessee,2014,5.0,1000.0,116.0,246.0,0.472,86.0,164.0,0.524,30.0,82.0,0.366,108.0,161.0,0.671,45.0,118.0,163.0,61.0,45.0,24.0,65.0,108.0,370.0,74.0
milwaukee,2014,6.0,1200.0,139.0,321.0,0.433,92.0,181.0,0.508,47.0,140.0,0.336,122.0,163.0,0.748,58.0,141.0,199.0,77.0,33.0,19.0,68.0,106.0,447.0,74.5
minnesota,2014,5.0,1000.0,136.0,308.0,0.442,93.0,182.0,0.511,43.0,126.0,0.341,85.0,114.0,0.746,69.0,137.0,206.0,77.0,44.0,27.0,46.0,92.0,400.0,80.0
mississippi,2014,3.0,600.0,81.0,193.0,0.42,58.0,127.0,0.457,23.0,66.0,0.348,67.0,101.0,0.663,50.0,90.0,140.0,38.0,27.0,22.0,38.0,56.0,252.0,84.0
mississippi-state,2014,3.0,600.0,90.0,191.0,0.471,73.0,142.0,0.514,17.0,49.0,0.347,46.0,73.0,0.63,57.0,68.0,125.0,46.0,33.0,9.0,44.0,55.0,243.0,81.0
mississippi-valley-state,2014,4.0,800.0,95.0,244.0,0.389,70.0,172.0,0.407,25.0,72.0,0.347,68.0,98.0,0.694,44.0,84.0,128.0,40.0,26.0,5.0,66.0,101.0,283.0,70.8
missouri-state,2014,3.0,625.0,84.0,170.0,0.494,57.0,114.0,0.5,27.0,56.0,0.482,77.0,110.0,0.7,32.0,94.0,126.0,42.0,11.0,10.0,35.0,73.0,272.0,90.7
missouri,2014,3.0,600.0,89.0,169.0,0.527,66.0,116.0,0.569,23.0,53.0,0.434,52.0,86.0,0.605,34.0,94.0,128.0,40.0,18.0,15.0,37.0,53.0,253.0,84.3
missouri-kansas-city,2014,4.0,800.0,104.0,246.0,0.423,86.0,182.0,0.473,18.0,64.0,0.281,70.0,107.0,0.654,46.0,105.0,151.0,53.0,47.0,10.0,69.0,92.0,296.0,74.0
monmouth,2014,4.0,800.0,96.0,253.0,0.379,70.0,172.0,0.407,26.0,81.0,0.321,63.0,109.0,0.578,71.0,98.0,169.0,45.0,27.0,15.0,58.0,85.0,281.0,70.3
montana,2014,3.0,600.0,74.0,148.0,0.5,45.0,75.0,0.6,29.0,73.0,0.397,32.0,56.0,0.571,14.0,69.0,83.0,39.0,11.0,9.0,36.0,67.0,209.0,69.7
montana-state,2014,4.0,799.0,87.0,220.0,0.395,68.0,141.0,0.482,19.0,79.0,0.241,61.0,79.0,0.772,41.0,91.0,132.0,41.0,28.0,10.0,51.0,86.0,254.0,63.5
morehead-state,2014,5.0,1025.0,109.0,283.0,0.385,73.0,169.0,0.432,36.0,114.0,0.316,119.0,189.0,0.63,80.0,116.0,196.0,62.0,43.0,6.0,78.0,123.0,373.0,74.6
morgan-state,2014,5.0,999.0,118.0,305.0,0.387,100.0,224.0,0.446,18.0,81.0,0.222,53.0,104.0,0.51,65.0,109.0,174.0,46.0,32.0,17.0,58.0,107.0,307.0,61.4
mount-st-marys,2014,5.0,1025.0,118.0,293.0,0.403,74.0,154.0,0.481,44.0,139.0,0.317,72.0,105.0,0.686,41.0,112.0,153.0,60.0,34.0,13.0,64.0,107.0,352.0,70.4
murray-state,2014,4.0,800.0,109.0,229.0,0.476,86.0,161.0,0.534,23.0,68.0,0.338,81.0,122.0,0.664,47.0,108.0,155.0,50.0,37.0,17.0,51.0,86.0,322.0,80.5
navy,2014,5.0,1000.0,119.0,293.0,0.406,94.0,198.0,0.475,25.0,95.0,0.263,47.0,69.0,0.681,58.0,129.0,187.0,66.0,31.0,15.0,62.0,93.0,310.0,62.0
nebraska,2014,5.0,1002.0,129.0,284.0,0.454,100.0,205.0,0.488,29.0,79.0,0.367,101.0,142.0,0.711,54.0,114.0,168.0,36.0,38.0,12.0,42.0,116.0,388.0,77.6
nebraska-omaha,2014,5.0,1000.0,133.0,315.0,0.422,103.0,208.0,0.495,30.0,107.0,0.28,109.0,138.0,0.79,59.0,128.0,187.0,79.0,50.0,17.0,60.0,111.0,405.0,81.0
nevada,2014,5.0,1000.0,129.0,277.0,0.466,100.0,198.0,0.505,29.0,79.0,0.367,92.0,129.0,0.713,56.0,106.0,162.0,41.0,34.0,16.0,58.0,109.0,379.0,75.8
nevada-las-vegas,2014,4.0,800.0,106.0,257.0,0.412,83.0,188.0,0.441,23.0,69.0,0.333,50.0,99.0,0.505,61.0,124.0,185.0,63.0,19.0,30.0,56.0,77.0,285.0,71.3
new-hampshire,2014,4.0,800.0,106.0,232.0,0.457,68.0,133.0,0.511,38.0,99.0,0.384,44.0,70.0,0.629,45.0,120.0,165.0,58.0,13.0,19.0,57.0,87.0,294.0,73.5
new-mexico,2014,4.0,850.0,121.0,265.0,0.457,95.0,178.0,0.534,26.0,87.0,0.299,91.0,134.0,0.679,63.0,122.0,185.0,76.0,25.0,34.0,49.0,81.0,359.0,89.8
new-mexico-state,2014,5.0,1000.0,122.0,252.0,0.484,106.0,191.0,0.555,16.0,61.0,0.262,122.0,180.0,0.678,66.0,139.0,205.0,54.0,21.0,29.0,73.0,90.0,382.0,76.4
new-orleans,2014,2.0,400.0,49.0,130.0,0.377,37.0,96.0,0.385,12.0,34.0,0.353,25.0,46.0,0.543,33.0,56.0,89.0,25.0,16.0,13.0,35.0,42.0,135.0,67.5
niagara,2014,4.0,800.0,101.0,238.0,0.424,82.0,162.0,0.506,19.0,76.0,0.25,107.0,156.0,0.686,51.0,98.0,149.0,42.0,27.0,4.0,58.0,117.0,328.0,82.0
nicholls-state,2014,3.0,600.0,71.0,178.0,0.399,54.0,118.0,0.458,17.0,60.0,0.283,35.0,62.0,0.565,40.0,51.0,91.0,34.0,18.0,6.0,34.0,87.0,194.0,64.7
njit,2014,5.0,1000.0,135.0,269.0,0.502,98.0,188.0,0.521,37.0,81.0,0.457,70.0,99.0,0.707,35.0,129.0,164.0,67.0,21.0,13.0,53.0,92.0,377.0,75.4
norfolk-state,2014,5.0,1000.0,165.0,318.0,0.519,132.0,231.0,0.571,33.0,87.0,0.379,81.0,117.0,0.692,73.0,114.0,187.0,85.0,29.0,24.0,61.0,121.0,444.0,88.8
north-carolina-at,2014,3.0,600.0,74.0,146.0,0.507,56.0,100.0,0.56,18.0,46.0,0.391,55.0,81.0,0.679,29.0,68.0,97.0,32.0,23.0,13.0,51.0,77.0,221.0,73.7
north-carolina-central,2014,5.0,1051.0,120.0,264.0,0.455,98.0,188.0,0.521,22.0,76.0,0.289,117.0,148.0,0.791,63.0,128.0,191.0,62.0,40.0,26.0,68.0,105.0,379.0,75.8
north-carolina-state,2014,4.0,827.0,118.0,246.0,0.48,98.0,181.0,0.541,20.0,65.0,0.308,52.0,88.0,0.591,54.0,81.0,135.0,49.0,28.0,11.0,40.0,92.0,308.0,77.0
north-carolina,2014,3.0,600.0,84.0,173.0,0.486,74.0,143.0,0.517,10.0,30.0,0.333,48.0,86.0,0.558,39.0,85.0,124.0,51.0,27.0,10.0,40.0,61.0,226.0,75.3
north-carolina-asheville,2014,5.0,1025.0,111.0,274.0,0.405,84.0,193.0,0.435,27.0,81.0,0.333,75.0,108.0,0.694,70.0,106.0,176.0,48.0,21.0,25.0,71.0,101.0,324.0,64.8
north-carolina-greensboro,2014,4.0,800.0,122.0,229.0,0.533,97.0,169.0,0.574,25.0,60.0,0.417,86.0,130.0,0.662,50.0,136.0,186.0,70.0,25.0,11.0,56.0,76.0,355.0,88.8
north-carolina-wilmington,2014,6.0,1225.0,142.0,379.0,0.375,115.0,272.0,0.423,27.0,107.0,0.252,95.0,135.0,0.704,81.0,156.0,237.0,64.0,37.0,28.0,67.0,120.0,406.0,67.7
north-dakota-state,2014,3.0,601.0,78.0,156.0,0.5,62.0,104.0,0.596,16.0,52.0,0.308,45.0,63.0,0.714,26.0,48.0,74.0,39.0,23.0,15.0,35.0,66.0,217.0,72.3
north-dakota,2014,2.0,400.0,79.0,141.0,0.56,62.0,108.0,0.574,17.0,33.0,0.515,20.0,34.0,0.588,25.0,44.0,69.0,29.0,19.0,3.0,18.0,45.0,195.0,97.5
north-florida,2014,6.0,1200.0,155.0,339.0,0.457,107.0,213.0,0.502,48.0,126.0,0.381,106.0,151.0,0.702,71.0,160.0,231.0,89.0,32.0,21.0,92.0,125.0,464.0,77.3
north-texas,2014,4.0,800.0,106.0,246.0,0.431,83.0,187.0,0.444,23.0,59.0,0.39,81.0,110.0,0.736,51.0,104.0,155.0,36.0,23.0,12.0,50.0,72.0,316.0,79.0
northeastern,2014,5.0,1000.0,128.0,282.0,0.454,102.0,210.0,0.486,26.0,72.0,0.361,76.0,123.0,0.618,66.0,124.0,190.0,53.0,25.0,20.0,72.0,95.0,358.0,71.6
northern-arizona,2014,4.0,800.0,99.0,245.0,0.404,76.0,163.0,0.466,23.0,82.0,0.28,62.0,80.0,0.775,50.0,78.0,128.0,49.0,22.0,9.0,48.0,72.0,283.0,70.8
northern-colorado,2014,4.0,800.0,109.0,236.0,0.462,85.0,169.0,0.503,24.0,67.0,0.358,44.0,72.0,0.611,46.0,119.0,165.0,49.0,13.0,12.0,56.0,102.0,286.0,71.5
northern-illinois,2014,4.0,800.0,85.0,224.0,0.379,70.0,152.0,0.461,15.0,72.0,0.208,65.0,109.0,0.596,56.0,99.0,155.0,33.0,16.0,5.0,47.0,91.0,250.0,62.5
northern-iowa,2014,4.0,800.0,95.0,211.0,0.45,62.0,125.0,0.496,33.0,86.0,0.384,87.0,113.0,0.77,37.0,101.0,138.0,54.0,23.0,13.0,49.0,81.0,310.0,77.5
northern-kentucky,2014,4.0,800.0,82.0,240.0,0.342,52.0,130.0,0.4,30.0,110.0,0.273,50.0,73.0,0.685,56.0,73.0,129.0,39.0,20.0,11.0,49.0,89.0,244.0,61.0
northwestern-state,2014,4.0,825.0,128.0,307.0,0.417,104.0,224.0,0.464,24.0,83.0,0.289,77.0,107.0,0.72,61.0,115.0,176.0,58.0,47.0,31.0,56.0,81.0,357.0,89.3
northwestern,2014,5.0,1000.0,117.0,263.0,0.445,76.0,160.0,0.475,41.0,103.0,0.398,75.0,111.0,0.676,48.0,144.0,192.0,73.0,17.0,14.0,56.0,106.0,350.0,70.0
notre-dame,2014,4.0,800.0,109.0,231.0,0.472,76.0,151.0,0.503,33.0,80.0,0.413,57.0,73.0,0.781,46.0,98.0,144.0,72.0,31.0,14.0,41.0,62.0,308.0,77.0
oakland,2014,4.0,800.0,85.0,222.0,0.383,53.0,133.0,0.398,32.0,89.0,0.36,46.0,61.0,0.754,34.0,69.0,103.0,44.0,25.0,5.0,55.0,81.0,248.0,62.0
ohio,2014,4.0,800.0,97.0,212.0,0.458,72.0,138.0,0.522,25.0,74.0,0.338,66.0,99.0,0.667,31.0,100.0,131.0,42.0,25.0,23.0,43.0,99.0,285.0,71.3
ohio-state,2014,4.0,800.0,91.0,217.0,0.419,69.0,140.0,0.493,22.0,77.0,0.286,79.0,117.0,0.675,52.0,106.0,158.0,53.0,32.0,19.0,50.0,66.0,283.0,70.8
oklahoma,2014,4.0,800.0,122.0,248.0,0.492,93.0,169.0,0.55,29.0,79.0,0.367,75.0,111.0,0.676,52.0,104.0,156.0,60.0,32.0,24.0,47.0,79.0,348.0,87.0
oklahoma-state,2014,4.0,800.0,129.0,247.0,0.522,83.0,146.0,0.568,46.0,101.0,0.455,104.0,144.0,0.722,49.0,122.0,171.0,74.0,49.0,24.0,47.0,85.0,408.0,102.0
old-dominion,2014,4.0,825.0,101.0,240.0,0.421,78.0,170.0,0.459,23.0,70.0,0.329,58.0,108.0,0.537,53.0,116.0,169.0,56.0,22.0,18.0,39.0,83.0,283.0,70.8
oral-roberts,2014,4.0,800.0,92.0,209.0,0.44,78.0,166.0,0.47,14.0,43.0,0.326,76.0,100.0,0.76,44.0,97.0,141.0,41.0,24.0,13.0,53.0,83.0,274.0,68.5
oregon,2014,3.0,600.0,78.0,161.0,0.484,58.0,104.0,0.558,20.0,57.0,0.351,82.0,106.0,0.774,36.0,75.0,111.0,42.0,26.0,10.0,36.0,64.0,258.0,86.0
oregon-state,2014,3.0,600.0,84.0,166.0,0.506,69.0,118.0,0.585,15.0,48.0,0.313,59.0,87.0,0.678,31.0,77.0,108.0,44.0,29.0,15.0,42.0,57.0,242.0,80.7
pacific,2014,3.0,600.0,80.0,173.0,0.462,62.0,131.0,0.473,18.0,42.0,0.429,52.0,62.0,0.839,32.0,69.0,101.0,46.0,15.0,4.0,37.0,70.0,230.0,76.7
penn-state,2014,4.0,800.0,105.0,226.0,0.465,74.0,146.0,0.507,31.0,80.0,0.388,75.0,103.0,0.728,35.0,103.0,138.0,52.0,16.0,15.0,35.0,88.0,316.0,79.0
pennsylvania,2014,4.0,800.0,96.0,228.0,0.421,78.0,156.0,0.5,18.0,72.0,0.25,68.0,103.0,0.66,45.0,102.0,147.0,62.0,29.0,11.0,69.0,97.0,278.0,69.5
pepperdine,2014,4.0,800.0,112.0,225.0,0.498,84.0,142.0,0.592,28.0,83.0,0.337,63.0,87.0,0.724,33.0,122.0,155.0,69.0,22.0,32.0,49.0,65.0,315.0,78.8
pittsburgh,2014,4.0,800.0,114.0,231.0,0.494,88.0,164.0,0.537,26.0,67.0,0.388,70.0,96.0,0.729,63.0,109.0,172.0,73.0,25.0,13.0,48.0,66.0,324.0,81.0
portland,2014,5.0,1000.0,136.0,295.0,0.461,109.0,218.0,0.5,27.0,77.0,0.351,98.0,129.0,0.76,47.0,129.0,176.0,77.0,27.0,21.0,54.0,98.0,397.0,79.4
portland-state,2014,3.0,600.0,65.0,160.0,0.406,55.0,127.0,0.433,10.0,33.0,0.303,54.0,75.0,0.72,39.0,73.0,112.0,33.0,30.0,7.0,41.0,61.0,194.0,64.7
prairie-view,2014,4.0,850.0,117.0,238.0,0.492,88.0,156.0,0.564,29.0,82.0,0.354,61.0,90.0,0.678,45.0,85.0,130.0,53.0,36.0,10.0,66.0,99.0,324.0,81.0
presbyterian,2014,5.0,1000.0,117.0,303.0,0.386,87.0,218.0,0.399,30.0,85.0,0.353,46.0,76.0,0.605,55.0,117.0,172.0,62.0,20.0,17.0,55.0,82.0,310.0,62.0
princeton,2014,3.0,625.0,67.0,155.0,0.432,35.0,78.0,0.449,32.0,77.0,0.416,49.0,71.0,0.69,29.0,74.0,103.0,40.0,13.0,11.0,31.0,54.0,215.0,71.7
providence,2014,5.0,1025.0,134.0,301.0,0.445,104.0,204.0,0.51,30.0,97.0,0.309,87.0,108.0,0.806,70.0,129.0,199.0,81.0,40.0,20.0,69.0,88.0,385.0,77.0
purdue,2014,4.0,800.0,129.0,259.0,0.498,106.0,185.0,0.573,23.0,74.0,0.311,69.0,109.0,0.633,62.0,102.0,164.0,65.0,33.0,29.0,40.0,80.0,350.0,87.5
quinnipiac,2014,4.0,801.0,101.0,246.0,0.411,81.0,187.0,0.433,20.0,59.0,0.339,77.0,117.0,0.658,67.0,114.0,181.0,51.0,17.0,17.0,51.0,86.0,299.0,74.8
radford,2014,3.0,600.0,89.0,178.0,0.5,68.0,123.0,0.553,21.0,55.0,0.382,49.0,83.0,0.59,40.0,85.0,125.0,48.0,23.0,11.0,41.0,68.0,248.0,82.7
rhode-island,2014,4.0,800.0,93.0,232.0,0.401,82.0,166.0,0.494,11.0,66.0,0.167,89.0,133.0,0.669,56.0,102.0,158.0,41.0,24.0,10.0,64.0,87.0,286.0,71.5
rice,2014,3.0,600.0,65.0,150.0,0.433,45.0,78.0,0.577,20.0,72.0,0.278,40.0,58.0,0.69,21.0,77.0,98.0,39.0,15.0,6.0,35.0,59.0,190.0,63.3
richmond,2014,4.0,825.0,97.0,241.0,0.402,80.0,150.0,0.533,17.0,91.0,0.187,62.0,97.0,0.639,44.0,109.0,153.0,44.0,25.0,18.0,40.0,93.0,273.0,68.3
rider,2014,2.0,400.0,44.0,106.0,0.415,30.0,72.0,0.417,14.0,34.0,0.412,53.0,66.0,0.803,26.0,40.0,66.0,21.0,6.0,10.0,22.0,46.0,155.0,77.5
robert-morris,2014,5.0,1000.0,128.0,322.0,0.398,81.0,203.0,0.399,47.0,119.0,0.395,74.0,113.0,0.655,75.0,109.0,184.0,65.0,31.0,8.0,53.0,116.0,377.0,75.4
rutgers,2014,5.0,1000.0,124.0,293.0,0.423,96.0,196.0,0.49,28.0,97.0,0.289,89.0,132.0,0.674,67.0,131.0,198.0,60.0,31.0,22.0,52.0,106.0,365.0,73.0
sacramento-state,2014,3.0,600.0,70.0,165.0,0.424,52.0,102.0,0.51,18.0,63.0,0.286,31.0,48.0,0.646,31.0,70.0,101.0,35.0,23.0,6.0,45.0,63.0,189.0,63.0
sacred-heart,2014,4.0,850.0,100.0,237.0,0.422,71.0,145.0,0.49,29.0,92.0,0.315,81.0,116.0,0.698,39.0,76.0,115.0,48.0,32.0,12.0,54.0,103.0,310.0,77.5
saint-francis-pa,2014,5.0,1000.0,92.0,260.0,0.354,59.0,147.0,0.401,33.0,113.0,0.292,62.0,104.0,0.596,45.0,99.0,144.0,52.0,36.0,13.0,56.0,97.0,279.0,55.8
saint-josephs,2014,3.0,600.0,80.0,168.0,0.476,53.0,105.0,0.505,27.0,63.0,0.429,47.0,67.0,0.701,34.0,82.0,116.0,47.0,10.0,11.0,34.0,58.0,234.0,78.0
saint-louis,2014,4.0,800.0,117.0,247.0,0.474,98.0,180.0,0.544,19.0,67.0,0.284,64.0,82.0,0.78,46.0,106.0,152.0,61.0,33.0,13.0,42.0,71.0,317.0,79.3
saint-marys-ca,2014,4.0,800.0,103.0,211.0,0.488,79.0,145.0,0.545,24.0,66.0,0.364,83.0,107.0,0.776,45.0,100.0,145.0,60.0,18.0,24.0,41.0,84.0,313.0,78.3
saint-peters,2014,3.0,600.0,71.0,161.0,0.441,58.0,114.0,0.509,13.0,47.0,0.277,42.0,65.0,0.646,33.0,67.0,100.0,38.0,24.0,15.0,38.0,62.0,197.0,65.7
sam-houston-state,2014,4.0,850.0,132.0,243.0,0.543,93.0,164.0,0.567,39.0,79.0,0.494,96.0,149.0,0.644,59.0,128.0,187.0,81.0,32.0,25.0,63.0,74.0,399.0,99.8
samford,2014,5.0,1000.0,119.0,305.0,0.39,88.0,206.0,0.427,31.0,99.0,0.313,71.0,107.0,0.664,55.0,118.0,173.0,67.0,24.0,10.0,68.0,115.0,340.0,68.0
san-diego-state,2014,3.0,600.0,78.0,170.0,0.459,62.0,129.0,0.481,16.0,41.0,0.39,58.0,91.0,0.637,40.0,85.0,125.0,38.0,31.0,18.0,37.0,62.0,230.0,76.7
san-diego,2014,5.0,1000.0,138.0,281.0,0.491,114.0,203.0,0.562,24.0,78.0,0.308,68.0,103.0,0.66,48.0,154.0,202.0,55.0,35.0,22.0,66.0,104.0,368.0,73.6
san-francisco,2014,5.0,1025.0,160.0,318.0,0.503,110.0,193.0,0.57,50.0,125.0,0.4,71.0,113.0,0.628,71.0,109.0,180.0,92.0,40.0,13.0,63.0,102.0,441.0,88.2
san-jose-state,2014,5.0,1000.0,109.0,279.0,0.391,60.0,137.0,0.438,49.0,142.0,0.345,79.0,114.0,0.693,53.0,132.0,185.0,52.0,20.0,14.0,60.0,115.0,346.0,69.2
santa-clara,2014,4.0,800.0,104.0,240.0,0.433,73.0,159.0,0.459,31.0,81.0,0.383,76.0,104.0,0.731,52.0,85.0,137.0,59.0,26.0,15.0,42.0,64.0,315.0,78.8
savannah-state,2014,6.0,1200.0,143.0,349.0,0.41,115.0,255.0,0.451,28.0,94.0,0.298,80.0,133.0,0.602,75.0,121.0,196.0,59.0,41.0,33.0,82.0,158.0,394.0,65.7
seattle,2014,4.0,800.0,118.0,270.0,0.437,88.0,182.0,0.484,30.0,88.0,0.341,55.0,90.0,0.611,62.0,115.0,177.0,59.0,23.0,7.0,50.0,99.0,321.0,80.3
seton-hall,2014,5.0,1050.0,118.0,253.0,0.466,87.0,162.0,0.537,31.0,91.0,0.341,135.0,188.0,0.718,48.0,131.0,179.0,66.0,39.0,13.0,77.0,128.0,402.0,80.4
siena,2014,5.0,1000.0,120.0,291.0,0.412,96.0,210.0,0.457,24.0,81.0,0.296,81.0,120.0,0.675,75.0,110.0,185.0,66.0,30.0,23.0,64.0,133.0,345.0,69.0
south-alabama,2014,4.0,800.0,95.0,225.0,0.422,60.0,134.0,0.448,35.0,91.0,0.385,61.0,96.0,0.635,53.0,103.0,156.0,44.0,19.0,18.0,60.0,83.0,286.0,71.5
south-carolina,2014,3.0,600.0,69.0,172.0,0.401,59.0,134.0,0.44,10.0,38.0,0.263,55.0,78.0,0.705,44.0,82.0,126.0,34.0,20.0,14.0,36.0,68.0,203.0,67.7
south-carolina-state,2014,5.0,1026.0,110.0,294.0,0.374,80.0,200.0,0.4,30.0,94.0,0.319,53.0,98.0,0.541,70.0,118.0,188.0,62.0,19.0,13.0,81.0,105.0,303.0,60.6
south-carolina-upstate,2014,5.0,1000.0,133.0,286.0,0.465,97.0,198.0,0.49,36.0,88.0,0.409,62.0,87.0,0.713,45.0,132.0,177.0,81.0,18.0,24.0,62.0,98.0,364.0,72.8
south-dakota,2014,3.0,600.0,57.0,167.0,0.341,42.0,107.0,0.393,15.0,60.0,0.25,36.0,49.0,0.735,33.0,71.0,104.0,33.0,15.0,5.0,39.0,57.0,165.0,55.0
south-dakota-state,2014,5.0,1000.0,121.0,281.0,0.431,90.0,172.0,0.523,31.0,109.0,0.284,92.0,131.0,0.702,55.0,131.0,186.0,54.0,28.0,23.0,72.0,96.0,365.0,73.0
south-florida,2014,4.0,800.0,100.0,207.0,0.483,82.0,154.0,0.532,18.0,53.0,0.34,92.0,132.0,0.697,48.0,105.0,153.0,58.0,38.0,27.0,48.0,70.0,310.0,77.5
southeast-missouri-state,2014,4.0,800.0,123.0,262.0,0.469,88.0,166.0,0.53,35.0,96.0,0.365,60.0,81.0,0.741,41.0,105.0,146.0,76.0,46.0,19.0,53.0,76.0,341.0,85.3
southeastern-louisiana,2014,4.0,800.0,108.0,242.0,0.446,81.0,161.0,0.503,27.0,81.0,0.333,47.0,64.0,0.734,40.0,96.0,136.0,55.0,22.0,16.0,46.0,75.0,290.0,72.5
southern-california,2014,5.0,1000.0,135.0,293.0,0.461,109.0,211.0,0.517,26.0,82.0,0.317,80.0,123.0,0.65,66.0,143.0,209.0,77.0,20.0,30.0,60.0,89.0,376.0,75.2
southern-illinois,2014,4.0,800.0,112.0,241.0,0.465,99.0,192.0,0.516,13.0,49.0,0.265,55.0,90.0,0.611,58.0,104.0,162.0,44.0,21.0,11.0,61.0,91.0,292.0,73.0
southern-illinois-edwardsville,2014,4.0,801.0,108.0,235.0,0.46,83.0,158.0,0.525,25.0,77.0,0.325,57.0,80.0,0.713,40.0,88.0,128.0,58.0,24.0,13.0,71.0,89.0,298.0,74.5
southern,2014,6.0,1225.0,144.0,337.0,0.427,104.0,215.0,0.484,40.0,122.0,0.328,98.0,160.0,0.613,64.0,154.0,218.0,73.0,31.0,30.0,83.0,169.0,426.0,71.0
southern-methodist,2014,4.0,800.0,113.0,235.0,0.481,89.0,177.0,0.503,24.0,58.0,0.414,56.0,92.0,0.609,55.0,105.0,160.0,66.0,29.0,21.0,61.0,88.0,306.0,76.5
southern-mississippi,2014,4.0,800.0,87.0,190.0,0.458,66.0,134.0,0.493,21.0,56.0,0.375,83.0,122.0,0.68,49.0,88.0,137.0,46.0,32.0,11.0,62.0,91.0,278.0,69.5
southern-utah,2014,3.0,600.0,62.0,175.0,0.354,47.0,128.0,0.367,15.0,47.0,0.319,50.0,64.0,0.781,34.0,58.0,92.0,32.0,19.0,11.0,36.0,70.0,189.0,63.0
st-bonaventure,2014,4.0,800.0,107.0,229.0,0.467,97.0,186.0,0.522,10.0,43.0,0.233,75.0,107.0,0.701,64.0,102.0,166.0,57.0,28.0,16.0,48.0,84.0,299.0,74.8
st-francis-ny,2014,4.0,825.0,80.0,201.0,0.398,59.0,133.0,0.444,21.0,68.0,0.309,52.0,84.0,0.619,40.0,102.0,142.0,39.0,20.0,18.0,68.0,94.0,233.0,58.3
st-johns-ny,2014,4.0,800.0,102.0,227.0,0.449,88.0,168.0,0.524,14.0,59.0,0.237,61.0,85.0,0.718,44.0,102.0,146.0,48.0,24.0,41.0,39.0,67.0,279.0,69.8
stanford,2014,5.0,1000.0,141.0,298.0,0.473,106.0,213.0,0.498,35.0,85.0,0.412,92.0,130.0,0.708,62.0,131.0,193.0,66.0,26.0,26.0,60.0,94.0,409.0,81.8
stephen-f-austin,2014,4.0,825.0,104.0,231.0,0.45,78.0,158.0,0.494,26.0,73.0,0.356,62.0,96.0,0.646,50.0,90.0,140.0,52.0,24.0,9.0,53.0,89.0,296.0,74.0
stetson,2014,5.0,1000.0,109.0,269.0,0.405,82.0,181.0,0.453,27.0,88.0,0.307,44.0,67.0,0.657,52.0,103.0,155.0,54.0,26.0,16.0,74.0,89.0,289.0,57.8
stony-brook,2014,5.0,1000.0,145.0,304.0,0.477,112.0,226.0,0.496,33.0,78.0,0.423,75.0,106.0,0.708,53.0,132.0,185.0,67.0,33.0,16.0,57.0,108.0,398.0,79.6
syracuse,2014,4.0,800.0,102.0,240.0,0.425,81.0,174.0,0.466,21.0,66.0,0.318,71.0,115.0,0.617,77.0,97.0,174.0,49.0,48.0,19.0,43.0,64.0,296.0,74.0
temple,2014,5.0,1000.0,128.0,307.0,0.417,99.0,214.0,0.463,29.0,93.0,0.312,80.0,109.0,0.734,63.0,129.0,192.0,62.0,14.0,29.0,50.0,98.0,365.0,73.0
tennessee-state,2014,6.0,1200.0,130.0,344.0,0.378,110.0,245.0,0.449,20.0,99.0,0.202,90.0,124.0,0.726,60.0,120.0,180.0,55.0,35.0,18.0,78.0,133.0,370.0,61.7
tennessee-tech,2014,5.0,1000.0,125.0,282.0,0.443,97.0,192.0,0.505,28.0,90.0,0.311,64.0,107.0,0.598,73.0,112.0,185.0,60.0,31.0,13.0,72.0,109.0,342.0,68.4
tennessee,2014,4.0,800.0,105.0,223.0,0.471,81.0,169.0,0.479,24.0,54.0,0.444,77.0,111.0,0.694,61.0,90.0,151.0,49.0,27.0,21.0,37.0,77.0,311.0,77.8
tennessee-martin,2014,7.0,1400.0,155.0,437.0,0.355,114.0,283.0,0.403,41.0,154.0,0.266,107.0,150.0,0.713,90.0,147.0,237.0,82.0,47.0,22.0,90.0,168.0,458.0,65.4
texas-am,2014,4.0,800.0,110.0,219.0,0.502,92.0,151.0,0.609,18.0,68.0,0.265,78.0,118.0,0.661,41.0,116.0,157.0,57.0,30.0,26.0,46.0,71.0,316.0,79.0
texas-am-corpus-christi,2014,6.0,1201.0,135.0,319.0,0.423,108.0,237.0,0.456,27.0,82.0,0.329,97.0,139.0,0.698,68.0,151.0,219.0,67.0,38.0,13.0,63.0,129.0,394.0,65.7
texas-christian,2014,3.0,600.0,64.0,150.0,0.427,49.0,107.0,0.458,15.0,43.0,0.349,68.0,93.0,0.731,30.0,68.0,98.0,37.0,22.0,6.0,35.0,62.0,211.0,70.3
texas,2014,4.0,800.0,115.0,245.0,0.469,89.0,182.0,0.489,26.0,63.0,0.413,65.0,111.0,0.586,61.0,111.0,172.0,51.0,23.0,31.0,50.0,74.0,321.0,80.3
texas-southern,2014,6.0,1200.0,159.0,357.0,0.445,109.0,237.0,0.46,50.0,120.0,0.417,119.0,156.0,0.763,70.0,147.0,217.0,95.0,18.0,26.0,71.0,84.0,487.0,81.2
texas-state,2014,4.0,800.0,88.0,208.0,0.423,67.0,141.0,0.475,21.0,67.0,0.313,44.0,70.0,0.629,42.0,78.0,120.0,40.0,21.0,6.0,60.0,77.0,241.0,60.3
texas-tech,2014,5.0,1000.0,150.0,301.0,0.498,122.0,218.0,0.56,28.0,83.0,0.337,48.0,74.0,0.649,58.0,109.0,167.0,59.0,32.0,28.0,50.0,93.0,376.0,75.2
texas-arlington,2014,6.0,1200.0,179.0,395.0,0.453,125.0,241.0,0.519,54.0,154.0,0.351,104.0,151.0,0.689,87.0,142.0,229.0,77.0,41.0,20.0,87.0,120.0,516.0,86.0
texas-el-paso,2014,4.0,800.0,103.0,221.0,0.466,83.0,169.0,0.491,20.0,52.0,0.385,80.0,115.0,0.696,45.0,114.0,159.0,61.0,23.0,12.0,57.0,91.0,306.0,76.5
texas-pan-american,2014,7.0,1400.0,174.0,413.0,0.421,140.0,290.0,0.483,34.0,123.0,0.276,122.0,172.0,0.709,94.0,160.0,254.0,84.0,43.0,17.0,95.0,163.0,504.0,72.0
texas-san-antonio,2014,4.0,800.0,78.0,195.0,0.4,63.0,128.0,0.492,15.0,67.0,0.224,80.0,120.0,0.667,44.0,79.0,123.0,28.0,27.0,9.0,64.0,79.0,251.0,62.8
toledo,2014,3.0,600.0,88.0,169.0,0.521,73.0,133.0,0.549,15.0,36.0,0.417,86.0,113.0,0.761,38.0,66.0,104.0,50.0,24.0,4.0,33.0,61.0,277.0,92.3
towson,2014,5.0,1001.0,117.0,286.0,0.409,89.0,197.0,0.452,28.0,89.0,0.315,82.0,128.0,0.641,74.0,129.0,203.0,54.0,29.0,23.0,71.0,100.0,344.0,68.8
troy,2014,4.0,800.0,106.0,237.0,0.447,83.0,163.0,0.509,23.0,74.0,0.311,67.0,96.0,0.698,41.0,103.0,144.0,53.0,31.0,11.0,49.0,72.0,302.0,75.5
tulane,2014,4.0,800.0,91.0,226.0,0.403,64.0,152.0,0.421,27.0,74.0,0.365,78.0,114.0,0.684,61.0,118.0,179.0,43.0,24.0,15.0,50.0,58.0,287.0,71.8
tulsa,2014,3.0,600.0,71.0,152.0,0.467,58.0,109.0,0.532,13.0,43.0,0.302,60.0,104.0,0.577,22.0,68.0,90.0,30.0,21.0,12.0,34.0,81.0,215.0,71.7
ucla,2014,4.0,800.0,121.0,240.0,0.504,99.0,175.0,0.566,22.0,65.0,0.338,66.0,90.0,0.733,45.0,118.0,163.0,79.0,44.0,17.0,42.0,56.0,330.0,82.5
utah-state,2014,3.0,600.0,79.0,160.0,0.494,56.0,110.0,0.509,23.0,50.0,0.46,58.0,76.0,0.763,36.0,84.0,120.0,52.0,9.0,12.0,29.0,53.0,239.0,79.7
utah,2014,4.0,800.0,140.0,243.0,0.576,112.0,168.0,0.667,28.0,75.0,0.373,77.0,113.0,0.681,41.0,149.0,190.0,84.0,34.0,23.0,44.0,53.0,385.0,96.3
utah-valley,2014,4.0,800.0,82.0,211.0,0.389,64.0,139.0,0.46,18.0,72.0,0.25,64.0,85.0,0.753,39.0,97.0,136.0,49.0,19.0,13.0,59.0,82.0,246.0,61.5
valparaiso,2014,5.0,1000.0,136.0,275.0,0.495,96.0,180.0,0.533,40.0,95.0,0.421,94.0,132.0,0.712,53.0,133.0,186.0,64.0,31.0,29.0,72.0,110.0,406.0,81.2
vanderbilt,2014,4.0,825.0,106.0,210.0,0.505,78.0,141.0,0.553,28.0,69.0,0.406,63.0,106.0,0.594,33.0,112.0,145.0,57.0,13.0,15.0,56.0,86.0,303.0,75.8
vermont,2014,5.0,1000.0,100.0,252.0,0.397,80.0,174.0,0.46,20.0,78.0,0.256,95.0,138.0,0.688,54.0,110.0,164.0,53.0,27.0,18.0,71.0,115.0,315.0,63.0
villanova,2014,4.0,800.0,110.0,236.0,0.466,86.0,142.0,0.606,24.0,94.0,0.255,83.0,115.0,0.722,59.0,111.0,170.0,68.0,32.0,21.0,44.0,71.0,327.0,81.8
virginia,2014,4.0,800.0,98.0,207.0,0.473,86.0,155.0,0.555,12.0,52.0,0.231,46.0,79.0,0.582,49.0,119.0,168.0,44.0,25.0,16.0,56.0,56.0,254.0,63.5
virginia-commonwealth,2014,5.0,1000.0,137.0,321.0,0.427,105.0,221.0,0.475,32.0,100.0,0.32,81.0,124.0,0.653,69.0,117.0,186.0,63.0,63.0,18.0,66.0,108.0,387.0,77.4
virginia-military-institute,2014,6.0,1200.0,192.0,462.0,0.416,133.0,266.0,0.5,59.0,196.0,0.301,106.0,155.0,0.684,100.0,160.0,260.0,79.0,67.0,50.0,60.0,119.0,549.0,91.5
virginia-tech,2014,5.0,1000.0,135.0,298.0,0.453,92.0,204.0,0.451,43.0,94.0,0.457,98.0,138.0,0.71,65.0,154.0,219.0,60.0,13.0,33.0,72.0,96.0,411.0,82.2
wagner,2014,5.0,1000.0,127.0,301.0,0.422,98.0,212.0,0.462,29.0,89.0,0.326,81.0,120.0,0.675,52.0,140.0,192.0,65.0,29.0,24.0,61.0,139.0,364.0,72.8
wake-forest,2014,5.0,997.0,147.0,330.0,0.445,117.0,238.0,0.492,30.0,92.0,0.326,104.0,162.0,0.642,80.0,166.0,246.0,86.0,31.0,26.0,47.0,93.0,428.0,85.6
washington,2014,5.0,1000.0,138.0,321.0,0.43,111.0,240.0,0.463,27.0,81.0,0.333,111.0,148.0,0.75,60.0,119.0,179.0,62.0,29.0,23.0,44.0,112.0,414.0,82.8
washington-state,2014,3.0,600.0,70.0,169.0,0.414,48.0,88.0,0.545,22.0,81.0,0.272,58.0,82.0,0.707,37.0,71.0,108.0,35.0,21.0,7.0,38.0,57.0,220.0,73.3
weber-state,2014,2.0,400.0,46.0,112.0,0.411,37.0,81.0,0.457,9.0,31.0,0.29,38.0,51.0,0.745,16.0,54.0,70.0,19.0,6.0,9.0,23.0,44.0,139.0,69.5
west-virginia,2014,4.0,800.0,126.0,247.0,0.51,89.0,162.0,0.549,37.0,85.0,0.435,67.0,103.0,0.65,43.0,104.0,147.0,69.0,32.0,11.0,38.0,83.0,356.0,89.0
western-carolina,2014,6.0,1200.0,150.0,360.0,0.417,110.0,250.0,0.44,40.0,110.0,0.364,103.0,155.0,0.665,90.0,124.0,214.0,71.0,46.0,24.0,79.0,153.0,443.0,73.8
western-illinois,2014,4.0,800.0,89.0,193.0,0.461,74.0,137.0,0.54,15.0,56.0,0.268,48.0,81.0,0.593,33.0,94.0,127.0,50.0,27.0,14.0,57.0,69.0,241.0,60.3
western-kentucky,2014,3.0,600.0,61.0,171.0,0.357,43.0,103.0,0.417,18.0,68.0,0.265,39.0,68.0,0.574,42.0,82.0,124.0,27.0,14.0,8.0,48.0,61.0,179.0,59.7
western-michigan,2014,5.0,1001.0,108.0,256.0,0.422,73.0,147.0,0.497,35.0,109.0,0.321,97.0,140.0,0.693,44.0,119.0,163.0,45.0,23.0,11.0,56.0,100.0,348.0,69.6
wichita-state,2014,5.0,1000.0,134.0,284.0,0.472,99.0,184.0,0.538,35.0,100.0,0.35,97.0,135.0,0.719,56.0,146.0,202.0,74.0,44.0,27.0,50.0,95.0,400.0,80.0
william-mary,2014,4.0,800.0,100.0,210.0,0.476,73.0,126.0,0.579,27.0,84.0,0.321,57.0,92.0,0.62,31.0,89.0,120.0,62.0,27.0,11.0,52.0,71.0,284.0,71.0
winthrop,2014,4.0,800.0,108.0,231.0,0.468,74.0,154.0,0.481,34.0,77.0,0.442,72.0,102.0,0.706,38.0,100.0,138.0,53.0,29.0,17.0,63.0,89.0,322.0,80.5
wisconsin,2014,5.0,1000.0,135.0,271.0,0.498,86.0,170.0,0.506,49.0,101.0,0.485,86.0,116.0,0.741,41.0,123.0,164.0,66.0,23.0,19.0,53.0,84.0,405.0,81.0
wofford,2014,4.0,800.0,88.0,217.0,0.406,69.0,144.0,0.479,19.0,73.0,0.26,52.0,72.0,0.722,43.0,83.0,126.0,47.0,21.0,6.0,51.0,70.0,247.0,61.8
wright-state,2014,5.0,1000.0,130.0,260.0,0.5,100.0,174.0,0.575,30.0,86.0,0.349,92.0,115.0,0.8,44.0,106.0,150.0,65.0,52.0,17.0,74.0,97.0,382.0,76.4
wyoming,2014,5.0,1000.0,110.0,220.0,0.5,74.0,134.0,0.552,36.0,86.0,0.419,108.0,151.0,0.715,27.0,139.0,166.0,69.0,19.0,20.0,60.0,99.0,364.0,72.8
xavier,2014,4.0,800.0,112.0,219.0,0.511,94.0,171.0,0.55,18.0,48.0,0.375,64.0,106.0,0.604,48.0,113.0,161.0,65.0,25.0,20.0,54.0,86.0,306.0,76.5
yale,2014,4.0,800.0,100.0,223.0,0.448,71.0,146.0,0.486,29.0,77.0,0.377,77.0,112.0,0.688,50.0,106.0,156.0,52.0,21.0,17.0,55.0,95.0,306.0,76.5
youngstown-state,2014,5.0,1025.0,130.0,307.0,0.423,93.0,189.0,0.492,37.0,118.0,0.314,76.0,101.0,0.752,59.0,135.0,194.0,73.0,37.0,13.0,60.0,108.0,373.0,74.6
